match_number,team1,team2,team1_total_experience,team2_total_experience,team1_average_experience,team2_average_experience,experience_difference,winner,winner_experience_status
1,Sunrisers Hyderabad,Royal Challengers Bengaluru,565,898,47.08,74.83,27.75,Royal Challengers Bengaluru,Winner had MORE experience
2,Kolkata Knight Riders,Mumbai Indians,671,1110,55.92,92.5,36.58,Mumbai Indians,Winner had MORE experience
3,Chennai Super Kings,Rajasthan Royals,517,1001,43.08,83.42,40.33,Rajasthan Royals,Winner had MORE experience
4,Gujarat Titans,Punjab Kings,910,706,75.83,58.83,17.0,Punjab Kings,Winner had LESS experience
5,Lucknow Super Giants,Delhi Capitals,701,840,58.42,70.0,11.58,Delhi Capitals,Winner had MORE experience
6,Sunrisers Hyderabad,Kolkata Knight Riders,458,683,38.17,56.92,18.75,Sunrisers Hyderabad,Winner had LESS experience
7,Chennai Super Kings,Punjab Kings,597,718,49.75,59.83,10.08,Punjab Kings,Winner had MORE experience
8,Mumbai Indians,Delhi Capitals,977,852,81.42,71.0,10.42,Delhi Capitals,Winner had LESS experience
9,Rajasthan Royals,Gujarat Titans,865,807,72.08,67.25,4.83,Rajasthan Royals,Winner had MORE experience
10,Sunrisers Hyderabad,Lucknow Super Giants,634,673,52.83,56.08,3.25,Lucknow Super Giants,Winner had MORE experience
11,Royal Challengers Bengaluru,Chennai Super Kings,910,533,75.83,44.42,31.42,Royal Challengers Bengaluru,Winner had MORE experience
12,Kolkata Knight Riders,Punjab Kings,703,739,58.58,61.58,3.0,No Result,N/A
13,Rajasthan Royals,Mumbai Indians,877,1188,73.08,99.0,25.92,Rajasthan Royals,Winner had LESS experience
14,Gujarat Titans,Delhi Capitals,933,864,77.75,72.0,5.75,Gujarat Titans,Winner had MORE experience
15,Kolkata Knight Riders,Lucknow Super Giants,678,685,56.5,57.08,0.58,Lucknow Super Giants,Winner had MORE experience
16,Royal Challengers Bengaluru,Rajasthan Royals,991,842,82.58,70.17,12.42,Rajasthan Royals,Winner had LESS experience
17,Sunrisers Hyderabad,Punjab Kings,598,741,49.83,61.75,11.92,Punjab Kings,Winner had MORE experience
18,Chennai Super Kings,Delhi Capitals,548,762,45.67,63.5,17.83,Chennai Super Kings,Winner had LESS experience
19,Lucknow Super Giants,Gujarat Titans,690,945,57.5,78.75,21.25,Gujarat Titans,Winner had MORE experience
20,Royal Challengers Bengaluru,Mumbai Indians,942,1172,78.5,97.67,19.17,Royal Challengers Bengaluru,Winner had LESS experience
21,Sunrisers Hyderabad,Rajasthan Royals,373,810,31.08,67.5,36.42,Sunrisers Hyderabad,Winner had LESS experience
22,Chennai Super Kings,Kolkata Knight Riders,560,742,46.67,61.83,15.17,Chennai Super Kings,Winner had LESS experience
23,Lucknow Super Giants,Royal Challengers Bengaluru,702,991,58.5,82.58,24.08,Royal Challengers Bengaluru,Winner had MORE experience
24,Mumbai Indians,Punjab Kings,927,742,77.25,61.83,15.42,Punjab Kings,Winner had LESS experience
25,Kolkata Knight Riders,Gujarat Titans,752,957,62.67,79.75,17.08,Gujarat Titans,Winner had MORE experience
26,Royal Challengers Bengaluru,Delhi Capitals,1003,833,83.58,69.42,14.17,Delhi Capitals,Winner had LESS experience
27,Sunrisers Hyderabad,Chennai Super Kings,427,516,35.58,43.0,7.42,Sunrisers Hyderabad,Winner had LESS experience
28,Rajasthan Royals,Kolkata Knight Riders,723,764,60.25,63.67,3.42,Kolkata Knight Riders,Winner had MORE experience
29,Punjab Kings,Lucknow Super Giants,764,662,63.67,55.17,8.5,Punjab Kings,Winner had MORE experience
30,Mumbai Indians,Gujarat Titans,750,969,62.5,80.75,18.25,Mumbai Indians,Winner had LESS experience
31,Sunrisers Hyderabad,Delhi Capitals,394,904,32.83,75.33,42.5,Sunrisers Hyderabad,Winner had LESS experience
32,Rajasthan Royals,Lucknow Super Giants,747,609,62.25,50.75,11.5,Rajasthan Royals,Winner had MORE experience
33,Chennai Super Kings,Mumbai Indians,513,721,42.75,60.08,17.33,Chennai Super Kings,Winner had LESS experience
34,Gujarat Titans,Royal Challengers Bengaluru,1008,977,84.0,81.42,2.58,Royal Challengers Bengaluru,Winner had LESS experience
35,Delhi Capitals,Punjab Kings,871,776,72.58,64.67,7.92,Punjab Kings,Winner had LESS experience
36,Rajasthan Royals,Sunrisers Hyderabad,794,470,66.17,39.17,27.0,Sunrisers Hyderabad,Winner had LESS experience
37,Chennai Super Kings,Gujarat Titans,510,867,42.5,72.25,29.75,Gujarat Titans,Winner had MORE experience
38,Kolkata Knight Riders,Lucknow Super Giants,776,616,64.67,51.33,13.33,No Result,N/A
39,Delhi Capitals,Royal Challengers Bengaluru,897,989,74.75,82.42,7.67,Royal Challengers Bengaluru,Winner had MORE experience
40,Punjab Kings,Rajasthan Royals,808,596,67.33,49.67,17.67,Rajasthan Royals,Winner had LESS experience
41,Mumbai Indians,Sunrisers Hyderabad,861,484,71.75,40.33,31.42,Sunrisers Hyderabad,Winner had LESS experience
42,Royal Challengers Bengaluru,Gujarat Titans,1045,976,87.08,81.33,5.75,Gujarat Titans,Winner had LESS experience
43,Rajasthan Royals,Delhi Capitals,737,856,61.42,71.33,9.92,Delhi Capitals,Winner had MORE experience
44,Mumbai Indians,Chennai Super Kings,754,474,62.83,39.5,23.33,Chennai Super Kings,Winner had LESS experience
45,Sunrisers Hyderabad,Kolkata Knight Riders,573,923,47.75,76.92,29.17,Kolkata Knight Riders,Winner had MORE experience
46,Punjab Kings,Gujarat Titans,754,924,62.83,77.0,14.17,Gujarat Titans,Winner had MORE experience
47,Lucknow Super Giants,Mumbai Indians,634,858,52.83,71.5,18.67,Mumbai Indians,Winner had MORE experience
48,Delhi Capitals,Chennai Super Kings,894,612,74.5,51.0,23.5,Chennai Super Kings,Winner had LESS experience
49,Sunrisers Hyderabad,Punjab Kings,486,808,40.5,67.33,26.83,Sunrisers Hyderabad,Winner had LESS experience
50,Lucknow Super Giants,Royal Challengers Bengaluru,601,1012,50.08,84.33,34.25,Lucknow Super Giants,Winner had LESS experience
51,Delhi Capitals,Kolkata Knight Riders,802,935,66.83,77.92,11.08,Kolkata Knight Riders,Winner had MORE experience
52,Gujarat Titans,Rajasthan Royals,956,654,79.67,54.5,25.17,Gujarat Titans,Winner had MORE experience
53,Lucknow Super Giants,Chennai Super Kings,696,500,58.0,41.67,16.33,Chennai Super Kings,Winner had LESS experience
54,Mumbai Indians,Royal Challengers Bengaluru,870,1024,72.5,85.33,12.83,Royal Challengers Bengaluru,Winner had MORE experience
55,Punjab Kings,Delhi Capitals,765,711,63.75,59.25,4.5,Delhi Capitals,Winner had LESS experience
56,Gujarat Titans,Sunrisers Hyderabad,1015,491,84.58,40.92,43.67,Gujarat Titans,Winner had MORE experience
57,Kolkata Knight Riders,Royal Challengers Bengaluru,856,1036,71.33,86.33,15.0,Royal Challengers Bengaluru,Winner had MORE experience
58,Punjab Kings,Mumbai Indians,668,838,55.67,69.83,14.17,Mumbai Indians,Winner had MORE experience
59,Chennai Super Kings,Lucknow Super Giants,507,687,42.25,57.25,15.0,Lucknow Super Giants,Winner had MORE experience
60,Kolkata Knight Riders,Gujarat Titans,911,979,75.92,81.58,5.67,Kolkata Knight Riders,Winner had LESS experience
61,Royal Challengers Bengaluru,Punjab Kings,1056,834,88.0,69.5,18.5,Royal Challengers Bengaluru,Winner had MORE experience
62,Rajasthan Royals,Delhi Capitals,359,719,29.92,59.92,30.0,Delhi Capitals,Winner had MORE experience
63,Chennai Super Kings,Sunrisers Hyderabad,519,503,43.25,41.92,1.33,Sunrisers Hyderabad,Winner had LESS experience
64,Lucknow Super Giants,Rajasthan Royals,604,407,50.33,33.92,16.42,Rajasthan Royals,Winner had LESS experience
65,Mumbai Indians,Kolkata Knight Riders,1044,925,87.0,77.08,9.92,Kolkata Knight Riders,Winner had LESS experience
66,Gujarat Titans,Chennai Super Kings,1038,532,86.5,44.33,42.17,Gujarat Titans,Winner had MORE experience
67,Sunrisers Hyderabad,Royal Challengers Bengaluru,631,1113,52.58,92.75,40.17,Sunrisers Hyderabad,Winner had LESS experience
68,Lucknow Super Giants,Punjab Kings,611,816,50.92,68.0,17.08,Punjab Kings,Winner had MORE experience
69,Rajasthan Royals,Mumbai Indians,647,1012,53.92,84.33,30.42,Rajasthan Royals,Winner had LESS experience
70,Delhi Capitals,Kolkata Knight Riders,803,904,66.92,75.33,8.42,Delhi Capitals,Winner had LESS experience
71,Royal Challengers Bengaluru,Gujarat Titans,1090,1033,90.83,86.08,4.75,Royal Challengers Bengaluru,Winner had MORE experience
72,Rajasthan Royals,Sunrisers Hyderabad,640,513,53.33,42.75,10.58,Rajasthan Royals,Winner had MORE experience
73,Gujarat Titans,Rajasthan Royals,1063,652,88.58,54.33,34.25,Gujarat Titans,Winner had MORE experience
74,Royal Challengers Bengaluru,Gujarat Titans,1102,1072,91.83,89.33,2.5,Royal Challengers Bengaluru,Winner had MORE experience
